caso,longitud_bytes,comparador,posicion_primer_byte_distinto,mediana_ns,q1_ns,q3_ns
A_tamano_real_64B,64,==,0,38.1,36.6,39.9
A_tamano_real_64B,64,==,16,39.2,37.8,41.1
A_tamano_real_64B,64,==,32,39.5,38.0,41.1
A_tamano_real_64B,64,==,48,39.5,38.2,41.5
A_tamano_real_64B,64,==,63,40.2,38.5,42.5
A_tamano_real_64B,64,compare_digest,0,55.7,52.9,59.0
A_tamano_real_64B,64,compare_digest,16,55.4,52.8,59.2
A_tamano_real_64B,64,compare_digest,32,55.1,53.1,58.4
A_tamano_real_64B,64,compare_digest,48,55.5,53.2,59.2
A_tamano_real_64B,64,compare_digest,63,55.5,53.1,58.3
B_ampliado_1MB,1000000,==,0,80.0,60.0,105.0
B_ampliado_1MB,1000000,==,250000,9352.5,7397.5,9827.5
B_ampliado_1MB,1000000,==,500000,16720.0,14553.8,19526.2
B_ampliado_1MB,1000000,==,750000,29002.5,24111.2,30633.8
B_ampliado_1MB,1000000,==,999999,39997.5,34492.5,42816.2
B_ampliado_1MB,1000000,compare_digest,0,510017.5,496413.8,536196.2
B_ampliado_1MB,1000000,compare_digest,250000,509630.0,496856.2,527875.0
B_ampliado_1MB,1000000,compare_digest,500000,509350.0,497205.0,528786.2
B_ampliado_1MB,1000000,compare_digest,750000,509890.0,497267.5,525581.2
B_ampliado_1MB,1000000,compare_digest,999999,506562.5,496916.2,525833.8
